ID_caso,Numero_SIAF,Numero_Orden_Compra_SIGES,Tipo_tramite,Fecha_inicio,Fecha_puesta_revision_DAF,Fecha_primera_resolucion_DAF,Fecha_aprobacion_DAF,Dias_habiles_ciclo_total,Dias_habiles_primera_respuesta_DAF,Fuente_datos,Observaciones_registro
LB-01,,,,,,,,,,,
LB-02,,,,,,,,,,,
LB-03,,,,,,,,,,,
LB-04,,,,,,,,,,,
LB-05,,,,,,,,,,,
LB-06,,,,,,,,,,,
LB-07,,,,,,,,,,,
LB-08,,,,,,,,,,,
LB-09,,,,,,,,,,,
LB-10,,,,,,,,,,,
LB-11,,,,,,,,,,,
LB-12,,,,,,,,,,,
LB-13,,,,,,,,,,,
LB-14,,,,,,,,,,,
LB-15,,,,,,,,,,,
LB-16,,,,,,,,,,,
LB-17,,,,,,,,,,,
LB-18,,,,,,,,,,,
LB-19,,,,,,,,,,,
LB-20,,,,,,,,,,,
LB-21,,,,,,,,,,,
LB-22,,,,,,,,,,,
LB-23,,,,,,,,,,,
LB-24,,,,,,,,,,,
LB-25,,,,,,,,,,,
